<?xml version='1.0' encoding='UTF-8'?>
<package installOnlyAtStartup="false" uuid="aaliyahintroduction-f9dddc" version="0.0.0">
 <names>
  <name lang="en_US">Untitled</name>
 </names>
 <supportedLanguages>
  <language>en_US</language>
 </supportedLanguages>
 <descriptionLanguages>
  <language>en_US</language>
 </descriptionLanguages>
 <contents>
  <behaviorContent path="Diana">
   <nature>interactive</nature>
   <permissions/>
  </behaviorContent>
  <dialogContent typeVersion="1.0" topicName="IntroductionHello">
   <topic language="en_US" path="IntroductionHello/IntroductionHello_enu.top"/>
  </dialogContent>
  <dialogContent typeVersion="1.0" topicName="HowCanIHelp">
   <topic language="en_US" path="HowCanIHelp/HowCanIHelp_enu.top"/>
  </dialogContent>
  <dialogContent typeVersion="1.0" topicName="HelloUser">
   <topic language="en_US" path="HelloUser/HelloUser_enu.top"/>
  </dialogContent>
  <dialogContent typeVersion="1.0" topicName="InitialIntro">
   <topic language="en_US" path="InitialIntro/InitialIntro_enu.top"/>
  </dialogContent>
  <dialogContent typeVersion="1.0" topicName="How2Help">
   <topic language="en_US" path="How2Help/How2Help_enu.top"/>
  </dialogContent>
  <dialogContent typeVersion="1.0" topicName="AreUReady">
   <topic language="en_US" path="AreUReady/AreUReady_enu.top"/>
  </dialogContent>
 </contents>
</package>
